Question,Answer,Category,Disease_Name
ধান গাছে পাতা হলুদ হয়ে যাচ্ছে কেন,এটি নাইট্রোজেন ঘাটতি। প্রতিকার: ১) ইউরিয়া সার ৫০-৬০ কেজি/হেক্টর দিন ২) দুই ভাগে প্রয়োগ করুন ৩) মাটির আর্দ্রতা বজায় রাখুন ৪) অতিরিক্ত পানি জমতে দেবেন না।,Disease,পুষ্টি ঘাটতি
ধান গাছের গোড়া পচে যাচ্ছে,এটি শিকড় পচা রোগ। প্রতিকার: ১) জমির পানি নিষ্কাশন নিশ্চিত করুন ২) কার্বেন্ডাজিম ১ গ্রাম/লিটার স্প্রে ৩) আক্রান্ত গাছ তুলে ফেলুন ৪) মাটি জীবাণুমুক্ত করুন।,Disease,শিকড় পচা
ধানের শীষ বের হচ্ছে না,এটি পুষ্টির অভাবজনিত সমস্যা। প্রতিকার: ১) সুষম NPK সার দিন ২) মাটির পরীক্ষা করুন ৩) জৈব সার যোগ করুন ৪) নিয়মিত পর্যবেক্ষণ করুন।,Disease,পুষ্টি সমস্যা
ধান গাছ লম্বা হচ্ছে না,এটি মাটি ও পুষ্টির সমস্যা। প্রতিকার: ১) জৈব সার ব্যবহার করুন ২) মাটির pH ঠিক করুন ৩) সুষম সার প্রয়োগ ৪) আগাছা পরিষ্কার রাখুন।,Disease,মাটি সমস্যা
ধানের ফলন কম হচ্ছে,এটি পরিচর্যার অভাবে ফলন কম। প্রতিকার: ১) নিয়মিত সেচ দিন ২) সুষম সার দিন ৩) পোকা দমন করুন ৪) উন্নত জাত ব্যবহার করুন।,Disease,কম ফলন
ধান পাতায় সাদা দাগ পড়ছে,এটি ছত্রাক রোগ। প্রতিকার: ১) ম্যানকোজেব ২ গ্রাম/লিটার স্প্রে ২) প্রতি ১০ দিনে স্প্রে ৩) আক্রান্ত পাতা সরান ৪) জমি পরিষ্কার রাখুন।,Disease,ছত্রাক
ধান গাছে পোকা ধরেছে,এটি পোকা আক্রমণ। প্রতিকার: ১) ইমিডাক্লোপ্রিড ০.৫ মিলি/লিটার ২) হলুদ ফাঁদ ব্যবহার ৩) আগাছা পরিষ্কার ৪) নিয়মিত পর্যবেক্ষণ।,Disease,পোকা
ধান গাছ শুকিয়ে যাচ্ছে,এটি উইল্ট রোগ. প্রতিকার: ১) আক্রান্ত গাছ তুলে ফেলুন ২) মাটি জীবাণুমুক্ত করুন ৩) সেচ নিয়ন্ত্রণ ৪) প্রতিরোধী জাত ব্যবহার।,Disease,উইল্ট
ধানের শীষ কালো হয়ে যাচ্ছে,এটি রোগজনিত সমস্যা। প্রতিকার: ১) ফাংগিসাইড স্প্রে করুন ২) আক্রান্ত অংশ কেটে ফেলুন ৩) জমি শুকনা রাখুন ৪) বায়ু চলাচল নিশ্চিত করুন।,Disease,রোগ
ধান গাছে পানি জমে আছে,এটি জলাবদ্ধতা। প্রতিকার: ১) পানি নিষ্কাশন করুন ২) ড্রেন তৈরি করুন ৩) উঁচু বেডে চাষ করুন ৪) অতিরিক্ত সেচ বন্ধ করুন।,Disease,জলাবদ্ধতা
টমেটো গাছ ঝুলে পড়ছে,এটি উইল্ট রোগ। প্রতিকার: ১) রোগমুক্ত চারা ব্যবহার ২) কার্বেন্ডাজিম স্প্রে ৩) মাটি জীবাণুমুক্ত ৪) সেচ নিয়ন্ত্রণ।,Disease,উইল্ট
টমেটো ফল ফেটে যাচ্ছে কেন,এটি পানির ভারসাম্যহীনতা। প্রতিকার: ১) নিয়মিত সেচ দিন ২) হঠাৎ পানি বৃদ্ধি কমান ৩) মাল্চিং করুন ৪) মাটির আর্দ্রতা ঠিক রাখুন।,Disease,পানি সমস্যা
টমেটো গাছে ফুল ঝরে যাচ্ছে,এটি পুষ্টির অভাব। প্রতিকার: ১) পটাশ সার দিন ২) ফুল আসার সময় সার দিন ৩) নিয়মিত পানি দিন ৪) গাছ সুস্থ রাখুন।,Disease,পুষ্টি ঘাটতি
টমেটো পাতায় দাগ পড়ছে,এটি লিফ স্পট রোগ। প্রতিকার: ১) ম্যানকোজেব স্প্রে ২) আক্রান্ত পাতা সরান ৩) প্রতি ১০ দিনে স্প্রে ৪) গাছের দূরত্ব বজায় রাখুন।,Disease,লিফ স্পট
টমেটো গাছে পোকা ধরেছে,এটি পোকা আক্রমণ। প্রতিকার: ১) কীটনাশক ব্যবহার ২) হলুদ ফাঁদ ব্যবহার ৩) নিয়মিত পর্যবেক্ষণ ৪) আগাছা পরিষ্কার।,Disease,পোকা
টমেটো ফল পচে যাচ্ছে,এটি ফল পচা রোগ। প্রতিকার: ১) কার্বেন্ডাজিম স্প্রে ২) আক্রান্ত ফল তুলে ফেলুন ৩) পানি নিয়ন্ত্রণ ৪) পরিষ্কার পরিবেশ রাখুন।,Disease,ফল পচা
টমেটো পাতায় হলুদ দাগ,এটি লিফ স্পট। প্রতিকার: ১) ফাংগিসাইড স্প্রে ২) আক্রান্ত পাতা অপসারণ ৩) জমি পরিষ্কার ৪) নিয়মিত পর্যবেক্ষণ।,Disease,লিফ স্পট
টমেটো গাছ বাড়ছে না,এটি পুষ্টির অভাব। প্রতিকার: ১) NPK সার দিন ২) জৈব সার যোগ করুন ৩) মাটি পরীক্ষা করুন ৪) নিয়মিত পরিচর্যা।,Disease,পুষ্টি ঘাটতি
টমেটোতে সাদা পোকা,এটি সাদা মাছি। প্রতিকার: ১) ইমিডাক্লোপ্রিড স্প্রে ২) হলুদ স্টিকি ট্র্যাপ ৩) আগাছা পরিষ্কার ৪) প্রতি ৭ দিনে স্প্রে।,Disease,সাদা মাছি
টমেটো পাতায় ছিদ্র হচ্ছে,এটি পোকা আক্রমণ। প্রতিকার: ১) স্পাইনোসাড স্প্রে ২) আক্রান্ত পাতা কেটে ফেলুন ৩) আগাছা পরিষ্কার ৪) নিয়মিত পর্যবেক্ষণ।,Disease,পোকা
বেগুন গাছে ফল হচ্ছে না,এটি পরাগায়ন সমস্যা। প্রতিকার: ১) মৌমাছি আকর্ষণ করুন ২) সুষম সার দিন ৩) পানি নিয়ন্ত্রণ ৪) গাছ সুস্থ রাখুন।,Disease,ফল না হওয়া
বেগুন পাতায় দাগ পড়ছে,এটি লিফ স্পট রোগ। প্রতিকার: ১) ম্যানকোজেব স্প্রে ২) আক্রান্ত পাতা সরান ৩) নিয়মিত স্প্রে ৪) জমি পরিষ্কার।,Disease,লিফ স্পট
বেগুন গাছ শুকিয়ে যাচ্ছে,এটি উইল্ট রোগ। প্রতিকার: ১) আক্রান্ত গাছ তুলে ফেলুন ২) মাটি জীবাণুমুক্ত করুন ৩) সেচ নিয়ন্ত্রণ ৪) প্রতিরোধী জাত।,Disease,উইল্ট
বেগুন গাছে ফুল ঝরে যাচ্ছে,এটি ফুল ঝরা সমস্যা। প্রতিকার: ১) পটাশ সার দিন ২) পানি নিয়ন্ত্রণ ৩) তাপমাত্রা নিয়ন্ত্রণ ৪) গাছের যত্ন নিন।,Disease,ফুল ঝরা
বেগুন পাতায় পোকা ধরেছে,এটি পোকা আক্রমণ। প্রতিকার: ১) কীটনাশক স্প্রে ২) আগাছা পরিষ্কার ৩) আক্রান্ত পাতা সরান ৪) নিয়মিত পর্যবেক্ষণ।,Disease,পোকা
বেগুনে ছিদ্র হচ্ছে,এটি ফল ছিদ্রকারী পোকা। প্রতিকার: ১) আক্রান্ত ফল ধ্বংস করুন ২) সাইপারমেথ্রিন স্প্রে করুন।,Pest,ফল ছিদ্রকারী
বেগুন ফল ছোট হচ্ছে,এটি পুষ্টির অভাব। প্রতিকার: ১) সুষম সার দিন ২) পটাশ সার প্রয়োগ করুন।,Disease,পুষ্টি ঘাটতি
বেগুন গাছে কালো দাগ,এটি ছত্রাকজনিত সমস্যা। প্রতিকার: ১) ফাংগিসাইড স্প্রে ২) আক্রান্ত ডাল ছাঁটাই।,Disease,ছত্রাক
বেগুন গাছ মরে যাচ্ছে,এটি ব্যাকটেরিয়াল উইল্ট। প্রতিকার: ১) আক্রান্ত গাছ পুড়িয়ে ফেলা ২) সেচ নিয়ন্ত্রণ।,Disease,উইল্ট
বেগুন পাতায় হলুদ দাগ,এটি পুষ্টির অভাব অথবা ভাইরাস। প্রতিকার: ১) সুষম সার ব্যবহার ২) পোকা দমন।,Disease,পুষ্টি ঘাটতি
আলু গাছ হলুদ হয়ে যাচ্ছে,এটি নাইট্রোজেন ঘাটতি। প্রতিকার: ১) ইউরিয়া দিন ২) সুষম সার ব্যবহার ৩) পানি দিন ৪) মাটি পরীক্ষা।,Disease,পুষ্টি ঘাটতি
আলুতে পচা রোগ হয়েছে,এটি রট রোগ। প্রতিকার: ১) কার্বেন্ডাজিম স্প্রে ২) আক্রান্ত অংশ সরান ৩) পানি নিষ্কাশন ৪) পরিষ্কার রাখুন।,Disease,রট
আলুতে কালো দাগ পড়ছে,এটি ব্লাইট রোগ। প্রতিকার: ১) ম্যানকোজেব স্প্রে ২) প্রতি ৭-১০ দিনে স্প্রে ৩) আক্রান্ত পাতা সরান ৪) বায়ু চলাচল রাখুন।,Disease,ব্লাইট
আলু গাছে পানি জমে আছে,এটি জলাবদ্ধতা। প্রতিকার: ১) পানি নিষ্কাশন ২) ড্রেন তৈরি ৩) উঁচু জমিতে চাষ ৪) সেচ নিয়ন্ত্রণ।,Disease,জলাবদ্ধতা
আলুতে পোকা ধরেছে,এটি পোকা আক্রমণ। প্রতিকার: ১) কীটনাশক স্প্রে ২) আক্রান্ত অংশ সরান ৩) আগাছা পরিষ্কার ৪) পর্যবেক্ষণ।,Disease,পোকা
মাটির উর্বরতা কমে গেছে,মাটির উর্বরতা কম। সমাধান: ১) জৈব সার দিন ২) সবুজ সার ব্যবহার ৩) ফসল আবর্তন ৪) মাটি পরীক্ষা করুন।,Soil,উর্বরতা হ্রাস
মাটিতে লবণাক্ততা বেড়েছে,মাটিতে লবণাক্ততা। সমাধান: ১) লবণ সহনশীল ফসল ২) জিপসাম ব্যবহার ৩) সেচ বৃদ্ধি ৪) ড্রেনেজ উন্নত করুন।,Soil,লবণাক্ততা
মাটিতে আগাছা বেশি হচ্ছে,আগাছা সমস্যা। সমাধান: ১) আগাছা পরিষ্কার ২) মাল্চিং ৩) হার্বিসাইড ব্যবহার ৪) নিয়মিত পরিচর্যা।,Soil,আগাছা
মাটি শক্ত হয়ে গেছে,মাটি শক্ত। সমাধান: ১) জৈব সার দিন ২) গভীর চাষ করুন ৩) পানি দিন ৪) মাটি ঝুরঝুরে করুন।,Soil,মাটি শক্ত
মাটিতে পানি ধরে না,পানি ধারণ কম। সমাধান: ১) জৈব সার যোগ ২) মাল্চিং ৩) মাটি উন্নত ৪) নিয়মিত সেচ।,Soil,পানি সমস্যা
ধান গাছে সার কখন দেব,"ধান গাছে সার: ১) রোপণের ২০-২৫ দিন পর প্রথম ২) কুশি আসার সময় দ্বিতীয় ৩) ইউরিয়া, টিএসপি, এমওপি ব্যবহার ৪) সেচ দিয়ে দিন।",Fertilizer,সার প্রয়োগ
ধানের জন্য কোন সার ভালো,"সার নির্বাচন: ১) নাইট্রোজেন, ফসফরাস, পটাশ ২) মাটি পরীক্ষার উপর নির্ভর ৩) জৈব + রাসায়নিক সার ৪) সুষম ব্যবহার।",Fertilizer,সার নির্বাচন
গমে ইউরিয়া কত লাগবে,গমে ইউরিয়া: ১) মোট ৫০-৬০ কেজি/হেক্টর ২) দুই ভাগে প্রয়োগ ৩) সেচের আগে দিন ৪) জমি আর্দ্র রাখুন।,Fertilizer,ইউরিয়া
টমেটোতে সার কতবার দিতে হয়,টমেটোতে সার: ১) ২-৩ বার প্রয়োগ ২) ফুলের সময় বাড়ান ৩) জৈব সার দিন ৪) সেচের সাথে দিন।,Fertilizer,সার প্রয়োগ
বেগুনে জৈব সার ব্যবহার কীভাবে,জৈব সার ব্যবহার: ১) মাটির সাথে মিশান ২) জমি প্রস্তুত সময় দিন ৩) নিয়মিত ব্যবহার ৪) মাটির গুণ বাড়ায়।,Fertilizer,জৈব সার
ধান গাছে বাদামী দাগ পড়ছে কি করব,এটি ব্লাস্ট রোগ। প্রতিকার: ১) ট্রাইসাইক্লাজল ৭৫% ডব্লিউপি ১ গ্রাম প্রতি লিটার পানিতে ছিটান ২) প্রতি ১০ দিনে স্প্রে করুন ৩) জমির নিকাশ ভাল রাখুন ৪) আক্রান্ত গাছ তুলে পুড়িয়ে ফেলুন ৫) চুন ছিটান।,Disease,ব্লাস্ট রোগ
ধান গাছে পাতার ডগা শুকিয়ে যাচ্ছে,এটি শিথুলিরোগ বা লিফ ব্লচ। প্রতিকার: ১) ম্যানকোজেব ৭৫% ডব্লিউপি ২ গ্রাম প্রতি লিটার ২) স্টেপটোসাইক্লিন ২ গ্রাম প্রতি লিটার ৩) প্রতি ১০ দিনে স্প্রে ৪) জলভাব দূর করুন।,Disease,শিথুলিরোগ
ধান গাছে সাদা পাউডার দেখছি,এটি পাউডারি মিলডিউ। প্রতিকার: ১) সালফার ৮% ডব্লিউপি ৫ গ্রাম প্রতি লিটার ২) কার্বেন্ডাজিম ৫ গ্রাম প্রতি লিটার ৩) স্প্রে করুন সপ্তাহে দুইবার।,Disease,পাউডারি মিলডিউ
আলু গাছে পাতা কুঁকড়ে যাচ্ছে,এটি লিফ রোল ভাইরাস বা আলুর মোজাইক ভাইরাস। প্রতিকার: ১) রোগমুক্ত বীজ ব্যবহার করুন ২) আক্রান্ত গাছ সরাবেন ৩) পরগাছা দমন করুন ৪) ইমিডাক্লোপ্রিড ১৭.৮% এসএল ০.৫ মিলি প্রতি লিটার।,Disease,লিফ রোল ভাইরাস
আলু গাছে পাতা কালো হয়ে যাচ্ছে,এটি আলুর লেট ব্লাইট বা আর্লি ব্লাইট। প্রতিকার: ১) ম্যানকোজেব ৭৫% ডব্লিউপি ২-২.৫ গ্রাম প্রতি লিটার ২) প্রথম স্প্রে ফুল আসার সময় ৩) ১০-১২ দিন পরপর স্প্রে ৪) আক্রান্ত পাতা ছিঁড়ে ফেলুন।,Disease,আর্লি ব্লাইট
টমেটো গাছে ছোট গর্ত হচ্ছে,এটি পুঁচকে রোগ বা ফল ছিদ্রকারী পোকা। প্রতিকার: ১) ক্লোরপাইরিফস ২০% ইসি ২.৫ মিলি প্রতি লিটার ২) স্পাইনোসাড ৪৫% এসি ০.৩ মিলি প্রতি লিটার ৩) প্রতি ১৫ দিনে স্প্রে করুন।,Disease,পুঁচকে রোগ
বেগুন গাছে ছোট কীড়া দেখছি,এটি বেগুনের শুটবোরার। প্রতিকার: ১) বেগুন রোপণের পরে প্রতি ১০ দিনে স্প্রে শুরু করুন ২) কার্বারিল ৫০% ডব্লিউপি ৩ গ্রাম প্রতি লিটার ৩) স্পাইনোসাড ব্যবহার করুন।,Disease,শুটবোরার
পেঁয়াজ গাছে রোগ হয়েছে,এটি থ্রিপস বা ব্লিচ রোগ। প্রতিকার: ১) ট্রাইজফস ৪০% ইসি ২.৫ মিলি প্রতি লিটার ২) প্রতি ১০ দিনে স্প্রে ৩) সালফার ছিটান ৪) আগাছা দূর করুন।,Disease,ব্লিচ রোগ
গাজর গাছে পাতা হলুদ হচ্ছে,এটি শিরা সংকোচন বা পাতায় দাগ রোগ। প্রতিকার: ১) ম্যানকোজেব ২ গ্রাম প্রতি লিটার ২) কপার অক্সিক্লোরাইড ১ গ্রাম প্রতি লিটার ৩) প্রতি ১০ দিনে স্প্রে করুন।,Disease,শিরা সংকোচন
শাক গাছে সাদা মাছি দেখছি,এটি সাদা মাছি বা জাসিড। প্রতিকার: ১) ইমিডাক্লোপ্রিড ১৭.৮% এসএল ০.৫ মিলি প্রতি লিটার ২) অ্যাসিটামিপ্রিড ২০% এসপি ০.৪ গ্রাম প্রতি লিটার ৩) প্রতি ১৫ দিনে স্প্রে।,Disease,সাদা মাছি
জৈব সার কীভাবে তৈরি করব,জৈব সার তৈরি: ১) ঝড়া পাতা ৫০ কেজি + গাছের ডাল ৫০ কেজি ২) গোবর ২৫ কেজি মিশান ৩) পানি ছিটিয়ে ঢেকে রাখুন ৪) ২-৩ মাস পর ব্যবহার করুন ৫) প্রতি বর্গমিটারে ৫ কেজি দিন।,Fertilizer,জৈব সার
ইউরিয়া সার কত দেব,ইউরিয়া সার: ১) ধানে ২ বার ব্যবহার - রোপণের ২০-২৫ দিন পর প্রথম ৩০ কেজি ২) দ্বিতীয় বার কুশি আসার সময় ৩০ কেজি ৩) প্রতি হেক্টরে মোট ৬০ কেজি ৪) ছিটিয়ে দিয়ে হালকা সেচ দিন।,Fertilizer,ইউরিয়া সার
গাছে কখন সার দিতে হয়,সার দেওয়ার সময়: ১) ভিত্তি সার - জমি তৈরির সময় ২) শীর্ষ সার - গাছ বৃদ্ধির সময় ৩) ফুল আসার আগে অতিরিক্ত সার ৪) ফুল ফোটার পর দরকার হলে আরও সার।,Fertilizer,সার প্রয়োগ
গোবর সার কীভাবে ব্যবহার করব,গোবর সার ব্যবহার: ১) প্রতি হেক্টরে ১০ টন গোবর সার প্রয়োজন ২) জমি তৈরির সময় মিশিয়ে দিন ৩) পচা গোবর ভাল ফল দেয় ৪) খরিফ মৌসুমে দেওয়া ভাল।,Fertilizer,গোবর সার
নিম খোল সার এর ব্যবহার,নিম খোল সার: ১) প্রতি লিটার পানিতে ৫০ গ্রাম নিম খোল ভিজিয়ে রাখুন ২) ২৪ ঘণ্টা পর ছেকে স্প্রে করুন ৩) পোকা দমনে বেশি কার্যকর ৪) পরিবেশবান্ধব এবং নিরাপদ।,Fertilizer,নিম খোল
ত্রিকোডারমা কীভাবে প্রয়োগ করব,ত্রিকোডারমা প্রয়োগ: ১) ১ কেজি ত্রিকোডারমা + ১০০ কেজি গোবর সার মিশান ২) জমি তৈরির সময় প্রয়োগ করুন ৩) মাটির রোগ দমনে কার্যকর ৪) ছত্রাক রোগ প্রতিরোধ করে।,Fertilizer,ত্রিকোডারমা
জিঙ্ক সার এর দোষ কী,জিঙ্ক সার: ১) জিঙ্কের অভাবে পাতা সাদা দাগযুক্ত হয় ২) জিঙ্ক সালফেট ৫-১০ কেজি প্রতি হেক্টর ৩) স্প্রে করলে ০.৫% দ্রবণ ব্যবহার করুন ৪) প্রতি ৩-৪ বছরে একবার দিন।,Fertilizer,জিঙ্ক সার
কম্পোস্ট সার কীভাবে তৈরি হয়,কম্পোস্ট সার তৈরি: ১) পাতা + ঝড়া ডাল ৫০% ২) রান্নার অবশেষ ২০% ৩) গোবর ২০% ৪) মাটি ১০% মিশান ৫) পানি দিয়ে ২ মাস রাখুন।,Fertilizer,কম্পোস্ট
পটাশ সার কত দেওয়া লাগে,পটাশ সার: ১) প্রতি হেক্টরে ৪০ কেজি পটাশ প্রয়োজন ২) মিউরেট অফ পটাশ (এমওপি) ব্যবহার করুন ৩) ফুল এবং ফল বৃদ্ধি বাড়ায় ৪) তৈরি সবজিতে বিশেষ দরকার।,Fertilizer,পটাশ সার
ফসফেট সার এর ভূমিকা কী,ফসফেট সার ভূমিকা: ১) শিকড় বৃদ্ধিতে সাহায্য করে ২) ফুল এবং ফল আকার বাড়ায় ৩) প্রতি হেক্টরে ৬০-৮০ কেজি দরকার ৪) রোগ প্রতিরোধ ক্ষমতা বাড়ায়।,Fertilizer,ফসফেট সার
ধান রোপণের সঠিক সময় কখন,ধান রোপণের সময়: ১) আউশ ধান - মে থেকে জুন ২) আমন ধান - জুলাই থেকে আগস্ট ৩) বোরো ধান - নভেম্বর থেকে ডিসেম্বর ৪) প্রতিটি মৌসুমে সঠিক সময় গুরুত্বপূর্ণ।,Planting,ধান রোপণ
বীজ বপনের দূরত্ব কত হবে,বীজ বপনের দূরত্ব: ১) ধান - ২০x১৫ সেমি ২) গম - ২০x১০ সেমি ৩) সবজি - ৩০x২০ সেমি ৪) আলু - ২৫x২০ সেমি ৫) সঠিক দূরত্ব ভাল ফলন দেয়।,Planting,বীজ দূরত্ব
আলু রোপণের সঠিক গভীরতা,আলু রোপণের গভীরতা: ১) গভীরতা হবে ৭-১০ সেমি ২) বীজ আলু ২৫-৩০ গ্রাম করে কাটুন ৩) রোপণ দূরত্ব ২০x২৫ সেমি ৪) ডিসেম্বর-জানুয়ারি রোপণের সময়।,Planting,আলু গভীরতা
সবজি বীজ বপনের সময় কী,সবজি বীজ বপনের সময়: ১) টমেটো - সারা বছর ২) মরিচ - ফেব্রুয়ারি-মার্চ ৩) বেগুন - মার্চ-এপ্রিল ৪) পালংশাক - সারা বছর ৫) প্রতিটির নিজস্ব সময় আছে।,Planting,সবজি বীজ
আউশ ধান কখন লাগাতে হয়,আউশ ধান লাগানো: ১) মে-জুন মাসে রোপণ করুন ২) ২৫-৩০ দিন বয়সের চারা ব্যবহার করুন ৩) প্রতি বর্গমিটারে ৫টি গুঁড়ি রাখুন ৪) সেপ্টেম্বর-অক্টোবরে কাটা যায়।,Planting,আউশ ধান
বোরো ধান রোপণের সময় কি,বোরো ধান রোপণ: ১) নভেম্বর-ডিসেম্বরে রোপণ ২) আগে নার্সারিতে বীজ বপন করুন ৩) ৪০-৫০ দিন পর চারা তৈরি ৪) ২০x১৫ সেমি দূরত্ব রাখুন।,Planting,বোরো ধান
টমেটো চারা রোপণের দূরত্ব,টমেটো চারা দূরত্ব: ১) ৬০x৪৫ সেমি দূরত্ব রাখুন ২) প্রতি বর্গমিটারে ৩টি গাছ ৩) চারা রোপণের সময় সাপোর্ট দিন ৪) ১০০-১২০ দিনে ফল পাবেন।,Planting,টমেটো রোপণ
সরিষা বীজ বপনের হার,সরিষা বীজ বোনা: ১) সরিষা বীজের হার ২-২.৫ কেজি প্রতি হেক্টর ২) সেপ্টেম্বর-অক্টোবরে বোন ৩) সারিতে ৩০ সেমি দূরত্ব ৪) ৯০-১০০ দিনে ফসল পাবেন।,Planting,সরিষা বীজ
ভুট্টা বীজ বপনের সময়,ভুট্টা বীজ বপন: ১) এপ্রিল-জুন বা অক্টোবর-নভেম্বরে বপন ২) দূরত্ব ৬০x২০ সেমি ৩) বীজের হার ২০-২৫ কেজি প্রতি হেক্টর ৪) ৮০-১০০ দিনে পরিপক্ক হয়।,Planting,ভুট্টা বীজ
পাট বীজ কখন বোতে হয়,পাট বীজ বপন: ১) মার্চ-এপ্রিলে বীজ বপন করুন ২) দূরত্ব ১০x১০ সেমি ৩) বীজের হার ৫ কেজি প্রতি হেক্টর ৪) জুলাই-আগস্টে কাটা যায়।,Planting,পাট বীজ
প্রথম সেচ কখন দিতে হয়,প্রথম সেচ: ১) ধানে রোপণের ৫-৭ দিন পর ২) গমে কুশি আসার সময় ৩) আলুতে রোপণের ২০ দিন পর ৪) সবজিতে রোপণের পরদিন সেচ দিন।,Irrigation,প্রথম সেচ
ধানে কত দিন পর সেচ দেব,ধানে সেচ: ১) প্রথম সেচ - ২০-২৫ দিনে ২) দ্বিতীয় সেচ - ৪৫-৫০ দিনে ৩) তৃতীয় সেচ - ৭০-৭৫ দিনে ৪) কুশি আসার সময় জমিতে পানি থাকা দরকার।,Irrigation,ধান সেচ
আলুতে সেচের সংখ্যা,আলু সেচ: ১) প্রথম সেচ - রোপণের পর ২) দ্বিতীয় সেচ - ৩০ দিনে ৩) তৃতীয় সেচ - ৬০ দিনে ৪) মোট ৩-৪ বার সেচ প্রয়োজন।,Irrigation,আলু সেচ
গ্রীষ্মে সবজিতে কত সেচ,গ্রীষ্মে সবজি: ১) গ্রীষ্মকালে গাছে বেশি পানি দরকার ২) গরম দিনে প্রতিদিন সেচ দিতে হয় ৩) সকাল-বিকালে সেচ দিন ৪) স্প্রিংকলার সেচ বেশি ভাল।,Irrigation,গ্রীষ্মীন সেচ
শীতে ফসলে কত সেচ,শীতে ফসল: ১) শীতে কম সেচ দরকার ২) সপ্তাহে ১ বার বা ১৫ দিনে ১ বার ৩) গমে ৪ বার সেচ যথেষ্ট ৪) তবে মাটির অবস্থা দেখে সেচ দিন।,Irrigation,শীতীন সেচ
ছাদ বাগানে পানি কত দেব,ছাদ বাগানে পানি: ১) গ্রীষ্মে প্রতিদিন সকাল-বিকালে ২) বর্ষায় বৃষ্টি অনুযায়ী ৩) শীতে ২-৩ দিনে একবার ৪) মাটি শুকিয়ে গেলে পানি দিন।,Irrigation,ছাদ বাগান
ড্রিপ সেচ এর সুবিধা কী,ড্রিপ সেচ সুবিধা: ১) পানি ৩০-৪০% সাশ্রয় হয় ২) ফলন ২০-৩০% বেড়ে যায় ৩) আগাছা কম হয় ৪) সার ব্যবহার দক্ষতা বাড়ে।,Irrigation,ড্রিপ সেচ
বন্যা আসলে কী করব,বন্যা হলে: ১) অতিরিক্ত পানি নিকাশ করুন ২) তিন সপ্তাহের বেশি ডোবানো ফসল মরে যায় ৩) বন্যার পর জমিতে নাইট্রোজেন সার দিন ৪) ক্ষতিগ্রস্ত ফসল কাটা ফেলুন।,Irrigation,বন্যা নিয়ন্ত্রণ
খরা হলে ফসল রক্ষা করব কীভাবে,খরা মোকাবেলা: ১) গভীর ভাল তৈরি করুন ২) জৈব সার যোগ করুন পানি ধরার ক্ষমতা বাড়ান ৩) মাল্চিং করুন ৪) খরা সহিষ্ণু জাত লাগান।,Irrigation,খরা মোকাবেলা
মাটিতে পানি জমে আছে কি করব,জমিতে পানি জমা: ১) নিকাশ ব্যবস্থা করুন ২) ঢালু জমি তৈরি করুন ৩) ভূমির গভীরতা বাড়ান ৪) ট্রেঞ্চ বা ড্রেন খুড়ুন।,Irrigation,জল নিকাশ
মাজরা পোকা দেখছি খেতে,মাজরা পোকা: ১) এটি ধানের গুরুতর পোকা ২) কীটনাশক - স্পাইনোসাড ৪৫% এসি ০.৩ মিলি/লিটার ৩) অথবা কার্টাপ ৫০% এসপি ১ গ্রাম/লিটার ৪) কুশি আসার সময় প্রথম স্প্রে।,Pest,মাজরা পোকা
শিষকাটা পোকা ধান খাচ্ছে,শিষকাটা পোকা: ১) এটি গাছের শীর্ষ কাটে দেয় ২) ক্লোরপাইরিফস ২০% ইসি ২.৫ মিলি/লিটার ৩) ফুল আসার সময় স্প্রে করুন ৪) প্রতি ১৫ দিনে দুইবার স্প্রে।,Pest,শিষকাটা পোকা
গাছ ফড়িং দেখছি অনেক,গাছ ফড়িং: ১) এটি ভাইরাস ছড়ায় ২) ইমিডাক্লোপ্রিড ১৭.৮% এসএল ০.৫ মিলি/লিটার ৩) রোগ দেখা দিলে আক্রান্ত গাছ তুলে ফেলুন ৪) প্রতি ৭ দিনে স্প্রে করুন।,Pest,গাছ ফড়িং
চেপা পোকা হয়েছে টমেটোতে,চেপা পোকা টমেটোতে: ১) থ্রিপস নামেও পরিচিত ২) স্পিনোসাড ০.৩ মিলি/লিটার ৩) অথবা ট্রাইজফস ২.৫ মিলি/লিটার ৪) প্রতি ১০ দিনে স্প্রে করুন।,Pest,চেপা পোকা
বাধাকপি লেদা পোকা খাচ্ছে,বাঁধাকপি লেদা পোকা: ১) এটি বাঁধাকপির প্রধান পোকা ২) ট্রাইকোডার্মা ব্যবহার করুন প্রতিরোধে ৩) আক্রান্ত পাতা ছিঁড়ে ফেলুন ৪) স্পাইনোসাড ০.৩ মিলি/লিটার স্প্রে করুন।,Pest,লেদা পোকা
ঝড় পোকা আসে কখন,ঝড় পোকা: ১) খরিফ মৌসুমে বেশি দেখা যায় ২) আলোর ফাঁদ ব্যবহার করুন ৩) ক্লোরপাইরিফস ২.৫ মিলি/লিটার ৪) সন্ধ্যায় স্প্রে করুন।,Pest,ঝড় পোকা
তুলা বোল ওয়ার্ম এর চিকিৎসা,তুলা বোল ওয়ার্ম: ১) তুলার ফুলে ডিম দেয় ২) সিপারমেথ্রিন ১০% ইসি ১ মিলি/লিটার ৩) ফুল আসার সময় থেকে স্প্রে শুরু ৪) প্রতি ১০ দিনে স্প্রে।,Pest,বোল ওয়ার্ম
গোড় খোদাই পোকা আছে,গোড় খোদাই পোকা: ১) গাছের গোড়ায় ছিদ্র করে ২) গোড়ার চারপাশে ফোরেট ৩% ছিটান ৩) গোড়া মাটি দিয়ে বন্ধ করুন ৪) আক্রান্ত গাছ তুলে মারুন।,Pest,গোড় খোদাই
কান্ড ছিদ্রকারী পোকা দেখছি,কান্ড ছিদ্রকারী: ১) গাছের কান্ড ছিদ্র করে ফেলে ২) কার্বোসালফান ২৫% ইসি ২ মিলি/লিটার ৩) গোড়া এবং কান্ডে স্প্রে করুন ৪) কীটনাশক যুক্ত মাটিতে গোড়া গেড়ুন।,Pest,কান্ড ছিদ্রকারী
সাদা মাছি কীভাবে দূর করব,সাদা মাছি দূর করা: ১) হলুদ ফাঁদ ব্যবহার করুন ২) ইমিডাক্লোপ্রিড ০.৫ মিলি/লিটার ৩) সাপ্তাহিক স্প্রে করুন ৪) স্প্রে সকাল ৮টার আগে করুন।,Pest,সাদা মাছি
বর্ষায় ধানের যত্ন কীভাবে,বর্ষায় ধানের যত্ন: ১) জমিতে অতিরিক্ত পানি নিকাশ করুন ২) পোকা ও রোগ বেশি হয় এই সময় ৩) নিয়মিত পর্যবেক্ষণ করুন ৪) প্রয়োজনে কীটনাশক স্প্রে করুন।,Weather,বর্ষা কালীন
গ্রীষ্মে ফসল রক্ষা করতে হবে কীভাবে,গ্রীষ্মে ফসল রক্ষা: ১) নিয়মিত সেচ দিন ২) ছাদি বা মাল্চিং করুন ৩) গাছে বেশি পানি প্রয়োজন ৪) সকাল-বিকালে সেচ দিন।,Weather,গ্রীষ্মকালীন
শীতে কোন ফসল ভাল হয়,"শীতে ভাল ফসল: ১) গম, আলু, সরিষা, সবজি ভাল হয় ২) তাপমাত্রা মোটামুটি কম থাকে ৩) পোকা-রোগও কম হয় ৪) ফলন বেশি পাওয়া যায়।",Weather,শীতকালীন
বন্যার সময় কি গাছ রক্ষা করা যায়,বন্যা সময় ফসল: ১) তিন সপ্তাহের বেশি ডুবে থাকা ফসল মরে যায় ২) বন্যার পর জমি প্রস্তুত করতে হবে ৩) নাইট্রোজেন সার দিতে হবে ৪) পুনরায় বোনার চিন্তা করুন।,Weather,বন্যা
শিলা বৃষ্টি হলে ফসল রক্ষা কীভাবে,শিলা বৃষ্টি সুরক্ষা: ১) শিলাবৃষ্টি প্রতিরোধ করা যায় না ২) তবে বীমা করান ৩) ক্ষতিগ্রস্ত ফসল দ্রুত কাটুন ৪) পুনরায় চাষাবাদের পরিকল্পনা করুন।,Weather,শিলা বৃষ্টি
খরার সময় কী করব,খরায় করণীয়: ১) গভীর নলকূপ খুঁড়ুন ২) মাল্চিং করুন ৩) জৈব সার দিয়ে মাটি উন্নত করুন ৪) খরা সহিষ্ণু ফসল লাগান।,Weather,খরা
ঝড়বৃষ্টি এর আগে কি করব,ঝড় আগে করণীয়: ১) গাছে সাপোর্ট দিন ২) সম্ভব হলে নেট লাগান ৩) পুরনো শাখা কেটে দিন ৪) স্টেকিং করুন গুরুত্বপূর্ণ গাছে।,Weather,ঝড়
তাপমাত্রা বেশি হলে ফসলের ক্ষতি,উচ্চ তাপমাত্রার ক্ষতি: ১) উৎপাদন কমে যায় ২) রঙ নষ্ট হয় সবজিতে ৩) ফুল ঝরে যায় ৪) নিয়মিত সেচ বৃদ্ধি করুন।,Weather,উচ্চ তাপমাত্রা
রাত শিশির পড়লে রোগ হয়,শিশির ও রোগ: ১) শিশির পড়লে ছত্রাক রোগ হয় বেশি ২) সকাল বেলা পথ তৈরি করুন ৩) ফাংগিসাইড স্প্রে করুন প্রতিরোধে ৪) বায়ু চলাচল ভাল রাখুন।,Weather,শিশির
আবহাওয়া পূর্বাভাস কীভাবে জানব,আবহাওয়া পূর্বাভাস: ১) আবহাওয়া অধিদপ্তরের ওয়েবসাইট দেখুন ২) মোবাইল অ্যাপ ব্যবহার করুন ৩) স্থানীয় কৃষি অফিসে পরামর্শ নিন ৪) সংবাদ মাধ্যমে খোঁজ নিন।,Weather,আবহাওয়া পূর্বাভাস
আলুর লেট ব্লাইট রোগের কারণ কী?,ফাইটোফথোরা ইনফেস্ট্যান্স নামক ছত্রাকের আক্রমণে এই রোগ হয়,Potato Disease,Late Blight
আলুর লেট ব্লাইটের প্রাথমিক অবস্থায় পাতায় কী দেখা যায়?,পাতার আগা এবং কিনারায় ছোট ছোট জলাভিজা দাগের আবির্ভাব হয়,Potato Disease,Late Blight
আলুর লেট ব্লাইট রোগ কোন আবহাওয়ায় বেশি হয়?,ঠান্ডা এবং আর্দ্র আবহাওয়ায়,Potato Disease,Late Blight
আলুর লেট ব্লাইট রোগ দমনের জন্য কী করতে হয়?,ডায়াথেন Gg-45 ছত্রাকনাশক 15 দিন পর পর প্রয়োগ করতে হয়,Potato Disease,Late Blight
আলুর পাতা কুঁকড়ানো রোগে পাতার অ্যাবডাকক্ষ কী লক্ষণ দেয়?,অ্যাবডাকক্ষ লম্বভাবে উপরের দিকে কুঁকিয়ে আসে,Potato Disease,Leaf Roll
আলুর পাতা কুঁকড়ানো রোগে কোন রোগজনক দায়ী?,ভাইরাস,Potato Disease,Leaf Roll
আলুর কালো অন্তর্মজ্জা রোগে রোগের কারণ কী?,অতিরিক্ত তাপমাত্রা এবং অক্সিজেন স্বল্পতার জন্য,Potato Disease,Black Heart
আলুর শুষ্ক পচা রোগের লক্ষণ কী?,আক্রান্ত অংশের ত্বক একটু ধসে যায় এবং কঠিন রঙ ধারণ করে,Potato Disease,Dry Rot
আলুর শুষ্ক পচা রোগের রোগজনক কী?,ফিউজেরিয়াম কেরুলিয়াম,Potato Disease,Dry Rot
টমেটোর লেট ব্লাইট রোগে পাতায় কী ধরনের দাগ দেখা যায়?,বয়স্ক পাতার উপর গাঢ় বাদামি জলাভিজা অনিয়মিত দাগ,Tomato Disease,Late Blight
টমেটোর লেট ব্লাইট রোগের শুরু কোন পর্যায়ে দেখা যায়?,বয়স্ক পাতার উপর গাঢ় বাদামি জলাভিজা দাগ,Tomato Disease,Late Blight
টমেটোর ফিউজেরিয়াম ঝড়ে পড়া রোগের প্রধান লক্ষণ কী?,গাছের একদিকের পাতা প্রথমে হলুদ হয়ে আসে,Tomato Disease,Fusarium Wilt
টমেটোর ভার্টিসিলিয়াম ঝড়ে পড়া রোগের বৈশিষ্ট্য কী?,গাছের উভয় পাশের পাতা একসাথে নেতিয়ে পড়ে,Tomato Disease,Verticillium Wilt
টমেটোর মোজাইক রোগের প্রধান উৎস কী?,রস সংক্রমণকারী পতঙ্গ,Tomato Disease,Mosaic
টমেটোর শিকড়ের গিঁট রোগের রোগজনক কী?,মেলয়েডোগাইন ইনকগনিটা,Tomato Disease,Root Knot
ভিন্ডির হলুদ মোজাইক রোগের লক্ষণ কী?,পাতায় ডোরা ডোরা হালকা ও গাঢ় সবুজ দাগ,Okra Disease,Yellow Mosaic
ভিন্ডির পাতা কুঁকড়ানো রোগের প্রধান লক্ষণ কী?,আক্রান্ত গাছের পাতা লম্বভাবে কুঁকিয়ে যায় এবং পরে বিদীর্ণ হয়,Okra Disease,Leaf Curl
ভিন্ডির অ্যান্থ্রাকনোজ রোগের রোগজনক কী?,কলেটোট্রিকাম ডেমেশিয়াম,Okra Disease,Anthracnose
ভিন্ডির অ্যালটারনেরিয়া ছত্রাক কী ধরনের দাগ তৈরি করে?,"গোলাকার, বাদামি এবং সমকেন্দ্রিক রেখাযুক্ত দাগ",Okra Disease,Leaf Spot
কুমড়ার পাউডারি মিলডিউ রোগের প্রাথমিক লক্ষণ কী?,কাঁচা পাতায় পটকা পটকা সাদা আবরণ দেখা যায়,Gourd Disease,Powdery Mildew
কুমড়ার পাউডারি মিলডিউ রোগের রোগজনক কী?,ইরাইজাইফ সিকোরেসিয়ারাম,Gourd Disease,Powdery Mildew
কুমড়ার ব্যাকটেরিয়া ঝড়ে পড়া রোগের রোগজনক কী?,এরউইনিয়া ট্রেকিফিলা,Gourd Disease,Bacterial Wilt
কুমড়ার ফিউজেরিয়াম ঝড়ে পড়া রোগের রোগজনক কী?,ফিউজেরিয়াম অক্সিস্পোরাম,Gourd Disease,Fusarium Wilt
কুমড়ার মোজাইক রোগের রোগজনক কী?,কিউকাম্বার মোজাইক ভাইরাস,Gourd Disease,Mosaic
কুমড়ার অ্যান্থ্রাকনোজ রোগের রোগজনক কী?,কলেটোট্রিকাম লেজিনেরিয়াম,Gourd Disease,Anthracnose
বিন/মটরের মোজাইক রোগের প্রধান উৎস কী?,বীজ এবং রস সংক্রমণকারী পতঙ্গ,Bean Disease,Mosaic
বিন/মটরের সার্কোস্পোরা রোগের দাগ কেমন?,"কালো রঙের, কিনারাযুক্ত সবুজ বা হালকা রঙের দাগ",Bean Disease,Leaf Spot
বিন/মটরের অ্যালটারনেরিয়া রোগের দাগ প্রাথমিকভাবে কেমন?,"ছোট, অনিয়মিত এবং গাঢ় রঙের দাগ",Bean Disease,Leaf Spot
বিন/মটরের অ্যান্থ্রাকনোজ রোগের রোগজনক কী?,কলেটোট্রিকাম লিন্ডেমাথিয়ানাম,Bean Disease,Anthracnose
সরিষার অ্যালটারনেরিয়া ব্লাইট রোগের দায়ী ছত্রাক কী?,অ্যালটারনেরিয়া ব্রাসিসিকোলা এবং অ্যালটারনেরিয়া ব্রাসিসিয়ে,Mustard Disease,Alternaria Blight
সরিষার অ্যালটারনেরিয়া ব্লাইট রোগের বৈশিষ্ট্য কী?,সমকেন্দ্রিক দাগ হওয়া অ্যালটারনেরিয়া ব্লাইটের একটি বৈশিষ্ট্যগত লক্ষণ,Mustard Disease,Alternaria Blight
সরিষার ডাউনি মিলডিউ রোগের রোগজনক কী?,পেরোনোস্পোরা পারাসিটিকা এবং পি. ব্রাসিসিয়ে,Mustard Disease,Downy Mildew
সরিষার ডাউনি মিলডিউ রোগে কী ধরনের লক্ষণ দেখা যায়?,পাতার উপর হালকা রঙের দাগ এবং নিচে সাদা রঙের ছত্রাক,Mustard Disease,Downy Mildew
চিনাবাদামের টিক্কা রোগের দুই ধরনের দাগ কী?,প্রাথমিক দাগ এবং চূড়ান্ত দাগ,Groundnut Disease,Tikka
চিনাবাদামের প্রাথমিক টিক্কা রোগে দাগ কেমন?,ছোট ছোট গোলাকার হালকা বাদামি রঙের দাগ,Groundnut Disease,Tikka
চিনাবাদামের চূড়ান্ত টিক্কা রোগের দাগ কীভাবে?,"গোলাকার এবং স্পষ্ট কিনারাযুক্ত, অনেক বেশি সংখ্যক",Groundnut Disease,Tikka
চিনাবাদামের মরচে রোগের লক্ষণ কী?,পাতার উভয় পৃষ্ঠে মরচে রঙের পুঁষ্টির মতো দাগ,Groundnut Disease,Rust
চিনাবাদামের কাণ্ড পচা রোগের রোগজনক কী?,স্ক্লেরোটিয়াম রলফসি,Groundnut Disease,Stem Rot
চিনাবাদামের কাণ্ড পচা রোগে মাটির কাছাকাছি গাছে কী হয়?,"প্রথমে সাদা ছত্রাক আবরণ, তারপর বাদামি রঙ ধারণ করে",Groundnut Disease,Stem Rot
তিলের ভিতু পচা রোগের রোগজনক কী?,ফাইটোফথোরা পারাসিটিকা ভার। সেসামি,Sesame Disease,Foot Rot
তিলের ভিতু পচা রোগে গাছ কীভাবে প্রভাবিত হয়?,গাছ মাটিতে হেলে পড়ে এবং মরে যায়,Sesame Disease,Foot Rot
তিলের পাতার দাগ রোগের রোগজনক কী?,সার্কোস্পোরা সেসামি,Sesame Disease,Leaf Spot
তিলের সার্কোস্পোরা রোগের দাগ কেমন?,পাতার উভয় পৃষ্ঠে অত্যন্ত ছোট জলাভিজা তারপর নাটকীয় দাগ,Sesame Disease,Leaf Spot
সূর্যমুখীর অ্যালটারনেরিয়া ব্লাইট রোগের রোগজনক কী?,অ্যালটারনেরিয়া হেলিয়ান্থি,Sunflower Disease,Alternaria Blight
সূর্যমুখীর অ্যালটারনেরিয়া ব্লাইটে দাগ কীভাবে দেখায়?,পাতায় গোলাকার এবং ডাম্বেল আকৃতির গাঢ় বাদামি রঙের দাগ,Sunflower Disease,Alternaria Blight
সোয়াবিনের বাদামি দাগ রোগের রোগজনক কী?,সেপ্টোরিয়া গ্লাইসিনেস,Soybean Disease,Brown Spot
সোয়াবিনের বাদামি দাগ রোগের লক্ষণ কী?,পাতার উভয় পৃষ্ঠে ত্রিভুজাকৃতির হালকা বাদামি দাগ,Soybean Disease,Brown Spot
সোয়াবিনের অ্যান্থ্রাকনোজ রোগের রোগজনক কী?,কলেটোট্রিকাম ডেমেশিয়াম ভার। ট্রানকাটা এবং গ্লোমারেলা গ্লাইসিনেস,Soybean Disease,Anthracnose
সোয়াবিনের অ্যান্থ্রাকনোজে কাণ্ড এবং ফলে কী দাগ হয়?,অনির্দিষ্ট আকৃতির গাঢ় বাদামি রঙের দাগ,Soybean Disease,Anthracnose
সোয়াবিনের মোজাইক রোগের রোগজনক কী?,সোয়াবিন মোজাইক ভাইরাস (SoyMV),Soybean Disease,Mosaic
সোয়াবিনের মোজাইক রোগে আক্রান্ত বীজের বাইরে কী দাগ হয়?,বীজের ত্বকে গাঢ় সাদা বা বাদামি রঙের দাগ,Soybean Disease,Mosaic
ডাল ফসলের ভিতু ও মূল পচা রোগের রোগজনক কী?,রাইজোক্টোনিয়া সোলানি,Pulse Disease,Foot and Root Rot
ডাল ফসলের ভিতু পচা রোগে পাইভায় কী লক্ষণ দেখা যায়?,মাটির কাছাকাছি স্থানে কাণ্ড বাদামি হয়ে পচে যায়,Pulse Disease,Foot and Root Rot
ডাল ফসলের ঝড়ে পড়া রোগের রোগজনক কী?,ফিউজেরিয়াম প্রজাতিগুলির ছত্রাক,Pulse Disease,Wilt
ডাল ফসলের ঝড়ে পড়া রোগের বৈশিষ্ট্য লক্ষণ কী?,পাতা এবং ডালপালা হঠাৎ করে ঝুলে পড়ে,Pulse Disease,Wilt
ধানের শীথ ব্লাইট রোগের কারণ কী?,Rhizoctonia solani নামক ছত্রাকের আক্রমণে,Rice Disease,Sheath Blight
ধানের শীথ ব্লাইট রোগের লক্ষণ কী?,পাতায় সবুজ-ধূসর দাগ এবং পরে বাদামি দাগ দেখা যায়,Rice Disease,Sheath Blight
ধানের স্টেম রট রোগের কারণ কী?,Sclerotium oryzae নামক ছত্রাক,Rice Disease,Stem Rot
ধানের স্টেম রট রোগের লক্ষণ কী?,কাণ্ডে কালচে দাগ এবং গাছ ভেঙে পড়ে,Rice Disease,Stem Rot
ধানের ব্যাকটেরিয়াল লিফ ব্লাইট রোগের কারণ কী?,Xanthomonas campestris pv. oryzae,Rice Disease,Bacterial Leaf Blight
ধানের ব্যাকটেরিয়াল লিফ ব্লাইটের লক্ষণ কী?,পাতায় জলভেজা দাগ যা পরে সাদা হয়ে শুকিয়ে যায়,Rice Disease,Bacterial Leaf Blight
ধানের ব্যাকটেরিয়াল লিফ স্ট্রিক রোগের কারণ কী?,Xanthomonas campestris pv. oryzicola,Rice Disease,Bacterial Leaf Streak
ধানের ব্যাকটেরিয়াল লিফ স্ট্রিক রোগের লক্ষণ কী?,পাতায় সরু রেখার মতো দাগ দেখা যায়,Rice Disease,Bacterial Leaf Streak
ধানের উফরা রোগের কারণ কী?,Ditylenchus angustus নামক কৃমি,Rice Disease,Ufra
ধানের উফরা রোগের লক্ষণ কী?,পাতায় সাদা দাগ এবং গাছ বিকৃত হয়,Rice Disease,Ufra
ধানের রুট নট রোগের কারণ কী?,Meloidogyne graminicola নামক কৃমি,Rice Disease,Root Knot
ধানের রুট নট রোগের লক্ষণ কী?,মূলের মধ্যে গিঁট তৈরি হয়,Rice Disease,Root Knot
ধানের টুংরো রোগের কারণ কী?,ভাইরাস দ্বারা সৃষ্ট,Rice Disease,Tungro
ধানের টুংরো রোগের লক্ষণ কী?,পাতা হলুদ হয়ে যায় এবং গাছ খাটো হয়,Rice Disease,Tungro
